subject,trial,muscle,movement_type,duration_s,n_windows,nan_count,MNF_baseline,MNF_final,MNF_pct_change,MNF_spearman_rho,MNF_spearman_p,MNF_slope,MNF_r2,MNF_cv,MDF_baseline,MDF_final,MDF_pct_change,MDF_spearman_rho,MDF_spearman_p,MDF_slope,MDF_r2,MDF_cv
1,1,R DELTOID ANTERIOR,uni-articular,88.9411241522799,29,0,131.05656595721382,116.84711113250746,-10.842230391833501,-0.7778325123152708,6.850980760255406e-07,-0.1538678487600812,0.6613120607657607,0.03982924626030787,107.33333333333333,93.5,-12.888198757763972,-0.7900847331092524,3.446152792171195e-07,-0.1501962204433498,0.6368390321731973,0.04855838100588367
1,2,L DELTOID ANTERIOR,uni-articular,104.82346775090132,34,0,179.53754485358692,157.94452771371755,-12.027020397030885,-0.7399541634835751,5.703727207085042e-07,-0.20187751063194004,0.5213212579529635,0.05237465636321022,172.58333333333334,149.0,-13.664896185417676,-0.45369804930702834,0.0070388989738333334,-0.18528149427043547,0.2874597070925883,0.0699975282205225
1,3,R DELTOID POSTERIOR,uni-articular,803.6465860902434,254,0,101.11265477002478,114.4573692084965,13.19786773359235,-0.281177239499329,5.3320890556227225e-06,-0.006385073695852282,0.05508216037398613,0.05275734863527056,92.0,102.16666666666667,11.050724637681164,-0.2876279469429311,3.1578249000289365e-06,-0.008927924176212453,0.0703794650317007,0.07193402673508442
1,4,L DELTOID POSTERIOR,uni-articular,692.4701808998935,219,0,119.72552464069891,101.7334668934288,-15.027754358366769,-0.5932820729603437,3.261745349716704e-22,-0.013648751571986511,0.367035746851454,0.04259144781941051,100.25,90.91666666666667,-9.31005818786367,-0.39573644537000296,1.258759359067196e-09,-0.007045544377734873,0.16965170019266734,0.03642507693455927
1,5,R BICEPS BRACHII,uni-articular,171.52931086511126,55,0,142.17005564451244,104.18960371650984,-26.714804151846444,-0.9898989898989901,1.1931379564236233e-46,-0.2394655867634275,0.9719934871104313,0.09838497647408626,131.16666666666666,93.08333333333333,-29.03430749682338,-0.9728852214614027,2.2356599694651155e-35,-0.24316392370129863,0.9479355523727412,0.11004575413420216
1,6,L BICEPS BRACHII,uni-articular,203.29399806235406,65,0,114.25905784291349,97.38763355295985,-14.765940318840137,-0.8936188811188811,1.3448495714536506e-23,-0.11671640135648338,0.8409878219833079,0.0704792308613478,100.58333333333333,83.5,-16.984258492129243,-0.8967846550949286,5.454545130979096e-24,-0.12040504201267482,0.8025720998105828,0.08442929834454999
1,7,R DELTOID MEDIUS,uni-articular,104.82346775090132,34,0,180.72707498046734,125.65935122162041,-30.470101817781618,-0.977692895339954,2.943171045423806e-23,-0.5625059820318801,0.9612037828565927,0.11571997227481487,170.41666666666666,113.75,-33.251833740831295,-0.9595843866342836,3.4850388442618317e-19,-0.5707074064171123,0.932872907899026,0.12863667065072895
1,8,L DELTOID MEDIUS,uni-articular,111.17640519034988,36,0,193.34742697528506,156.92366213590756,-18.83850507306385,-0.9371943371943372,4.049913110400062e-17,-0.3811348979619245,0.8580420396859921,0.0772390101492979,185.58333333333334,145.25,-21.733273462056584,-0.9255326168541627,6.689701002931853e-16,-0.4269551822715572,0.8021048222327676,0.09491180413223356
1,9,R DELTOID ANTERIOR C,complex,343.05862173022257,109,0,132.10514864983205,124.25553215769774,-5.941945921381984,-0.785061625428598,5.384271054843766e-24,-0.047676705981206095,0.625962402319618,0.047210966171611926,110.16666666666667,97.5,-11.497730711043877,-0.8509677091712093,1.0743693871179756e-31,-0.04568478817996479,0.705085057015775,0.05204656596425546
1,10,L DELTOID ANTERIOR C,complex,562.234963391198,178,0,129.9524132459353,114.47662614583341,-11.908810858951828,-0.7333628391080603,2.596985641705369e-31,-0.026772046453315067,0.45620646086328814,0.05490771105898786,95.91666666666667,91.16666666666667,-4.9522154648132055,-0.25016005098360306,0.0007578523602652798,-0.005914279982849768,0.04021744494180204,0.051990566047699686
1,11,R DELTOID POSTERIOR C,complex,397.05858996553536,126,0,115.27615458363886,114.83581055492783,-0.38199056023466826,0.06121334833145858,0.4959290088281507,0.0013631861718153896,0.0034077167204124297,0.023295714420021114,104.5,104.08333333333333,-0.3987240829346138,-0.035107307069914134,0.6963358504149111,-0.0010826708586426698,0.0015276613282696502,0.030430957886468255
1,12,L DELTOID POSTERIOR C,complex,289.0586534949097,92,0,110.84591197429408,102.84353159197256,-7.219373488647308,-0.6882388298938088,3.445799447499395e-14,-0.04240874335169685,0.5010157854674988,0.047515656741013594,95.5,92.41666666666667,-3.2286212914485115,-0.6629049233617882,6.084474982499995e-13,-0.035824440926359766,0.44749139214660355,0.048314665430865086
2,1,R DELTOID ANTERIOR,uni-articular,155.64696726648984,50,0,175.34246972070687,151.50571568460418,-13.594398478629227,-0.6520528211284513,2.9013710242834504e-07,-0.10235631724115551,0.4421906720497822,0.04308698569245239,156.75,127.58333333333333,-18.607123870281768,-0.5609568959636475,2.2616352008324465e-05,-0.1229554767106843,0.30072098816598547,0.07236916933545123
2,2,L DELTOID ANTERIOR,uni-articular,114.35287391007415,37,0,135.79760259721886,86.47450205570003,-36.321039251195856,-0.9874348032242768,1.2234437977667407e-29,-0.4509984667927417,0.9600765500012645,0.14401673047021393,116.25,76.91666666666667,-33.83512544802867,-0.9687519363959869,8.862829755617784e-23,-0.36407481507823614,0.9252577824688323,0.13762000754356066
2,3,R DELTOID POSTERIOR,uni-articular,406.58799612470824,129,0,115.71916160075587,92.57784784238784,-19.997823556835094,-0.7154181574239715,1.644826557844382e-21,-0.04300175019686512,0.5567029051462765,0.0700548554935871,100.66666666666667,84.33333333333333,-16.225165562913915,-0.6104917351888961,1.576456203614602e-14,-0.029666579557524594,0.42557605289764416,0.06067978852764166
2,4,L DELTOID POSTERIOR,uni-articular,292.235122214634,93,0,113.99718092082878,89.83643703567414,-21.194159092350116,-0.5762734624451671,1.5006873244565133e-09,-0.04927401105602045,0.40706956778139214,0.0706780539650638,100.41666666666667,85.41666666666667,-14.937759336099585,-0.5613208596134444,4.830231257663301e-09,-0.03754698013338903,0.40448109772849455,0.05702139230993099
2,5,R BICEPS BRACHII,uni-articular,168.35284214538697,54,0,126.55438980188795,82.20247162053336,-35.04573665977483,-0.9756051076805793,6.45870377897693e-36,-0.311518099500713,0.9471417787372465,0.14867088410125492,106.83333333333333,70.41666666666667,-34.08736349453977,-0.9362180879206279,2.8333118031492474e-25,-0.2978892688202782,0.8992273838078645,0.17041836592306622
2,6,L BICEPS BRACHII,uni-articular,193.7645919031812,62,0,95.88605215879632,66.07447670745927,-31.090627656633814,-0.9696305809473446,2.1312872061658866e-38,-0.18854973995409038,0.9371738863209299,0.13474368552987892,78.0,56.0,-28.205128205128204,-0.9502027958161969,4.477446405579763e-32,-0.14503243477877661,0.8994821377025662,0.12471399477791334
2,7,R DELTOID MEDIUS,uni-articular,73.0587805536585,24,0,114.48106394931766,108.4307431017641,-5.284997045653004,-0.5808695652173912,0.0029168200910231483,-0.06809905076002756,0.3235820389720137,0.02353998417633549,99.91666666666667,92.66666666666667,-7.25604670558799,-0.6737762421994631,0.0003068504632084175,-0.09793484021739131,0.42867914917075034,0.034267462523952616
2,8,L DELTOID MEDIUS,uni-articular,76.23524927338278,25,0,144.73505229278638,128.50802753847415,-11.21153756277807,-0.5599999999999999,0.0036013919598933053,-0.1756186107454083,0.32035710962895525,0.05254647157024203,127.16666666666667,108.75,-14.48230668414155,-0.4676923076923077,0.01839794474955243,-0.17944454999999998,0.2548796567569932,0.0698189230112912
2,9,R DELTOID ANTERIOR C,complex,559.0584946714737,177,0,125.9993992234459,127.58092364047972,1.2551840935599712,-0.15812356088017868,0.035550231714341164,-0.004402810593650768,0.019793084898337743,0.043525972008285715,108.08333333333333,111.58333333333333,3.238242097147263,-0.12353747542574293,0.10138089505827783,-0.00429007040866675,0.010578094856644894,0.07054657227139915
2,10,L DELTOID ANTERIOR C,complex,374.82330892746535,119,0,124.71394137110622,95.45714457284566,-23.459122914897133,-0.8222119356217064,2.0631959814914662e-30,-0.08099007923560841,0.7240382101253534,0.10060761741455852,108.41666666666667,80.5,-25.749423520368953,-0.813936356506873,2.2860051826329988e-29,-0.09193687589018656,0.7220862940723798,0.13182657276255136
2,11,R DELTOID POSTERIOR C,complex,323.9998094118768,103,0,115.41788366072622,104.14511793407321,-9.766914250299013,-0.7638931599525546,6.332052628405317e-21,-0.04043352692849652,0.5910868963288284,0.04567055641066464,103.5,91.58333333333333,-11.513687600644126,-0.6345976185524059,6.128603299621216e-13,-0.03314560907503405,0.4055010686416377,0.05130170398089064
2,12,L DELTOID POSTERIOR C,complex,619.411400346235,196,0,106.05671663508703,92.29148112612013,-12.979126589718417,-0.3504115898604659,4.779948569866984e-07,-0.008073206977876054,0.13400013747427347,0.04061314047003657,91.33333333333333,81.41666666666667,-10.857664233576632,-0.24469560505056967,0.0005471920058398042,-0.005130679958004287,0.05035136946516111,0.04795246503067864
3,1,R DELTOID ANTERIOR,uni-articular,196.94106062290544,63,0,195.99463328004342,204.01052820084792,4.089854291750495,0.427515360983103,0.0004745594660427952,0.05302876014091109,0.17239208598657046,0.03687017993821806,185.16666666666666,196.75,6.2556255625562605,0.46446703958698926,0.0001257426842009809,0.07967470160090248,0.18946063845943004,0.05535404037994807
3,2,L DELTOID ANTERIOR,uni-articular,111.17640519034988,36,0,198.88468579304882,159.75653810329672,-19.673786110644652,-0.8442728442728443,9.795070554419586e-11,-0.29293008937284226,0.6847782393796736,0.0656931447986379,184.58333333333334,137.08333333333334,-25.733634311512414,-0.7596061157241188,7.79335477203422e-08,-0.3429133529601029,0.5580465092043687,0.09406698911938018
3,3,R DELTOID POSTERIOR,uni-articular,273.17630989628833,87,0,200.12088074957782,141.33261758278397,-29.376376391406563,-0.9409309615805205,9.659974084073093e-42,-0.20703946337680762,0.8745199299461408,0.10363730488755303,184.91666666666666,122.66666666666667,-33.663812528165835,-0.8448191026937326,8.334339619146891e-25,-0.19734031505157829,0.7140025981655729,0.12410183556698083
3,4,L DELTOID POSTERIOR,uni-articular,209.64693550180263,67,0,101.45259502957606,89.9446143630264,-11.343209765304458,-0.2506185649293639,0.0407989973932493,-0.0269202804319293,0.1390176954275672,0.04904795666688246,89.66666666666667,79.58333333333333,-11.24535315985131,-0.13192782767323621,0.28723192744785986,-0.01577341497725277,0.04627393432036836,0.056561019638433976
3,5,R BICEPS BRACHII,uni-articular,276.3527786160126,88,0,120.67119726430236,121.52932055764892,0.7111252003798643,0.2803000951005601,0.008166649250096972,0.016090683299116896,0.07491433027166006,0.03776258872729165,105.5,109.41666666666667,3.7124802527646175,0.19600227690013833,0.06722451704927054,0.014440756214557439,0.041636441260391316,0.05084457432636334
3,6,L BICEPS BRACHII,uni-articular,263.64690373711545,84,0,143.66305432045735,134.04257096437212,-6.696560505128627,-0.5804394046775336,7.1577228723072244e-09,-0.057176324433079906,0.3934551783728053,0.05210569789759809,128.58333333333334,121.58333333333333,-5.443940375891132,-0.5128270085837169,6.118484372866048e-07,-0.049705995962842975,0.31835130813295737,0.05611545040781641
3,7,R DELTOID MEDIUS,uni-articular,196.94106062290544,63,0,197.104489836409,181.7440723735848,-7.793032759209538,-0.6857238863287252,5.608829684573066e-10,-0.08135910457801275,0.4566810464699284,0.03737759797679629,191.83333333333334,174.16666666666666,-9.209383145091236,-0.6654823257987623,2.6780699524188e-09,-0.1044774146745392,0.43482396566445225,0.051619321259445704
3,8,L DELTOID MEDIUS,uni-articular,123.88228006924702,40,0,187.31096267802604,172.34163897456335,-7.991696529366449,-0.7562851782363977,1.6625504499498906e-08,-0.15875553215785543,0.5813004964602456,0.04370200056734375,176.66666666666666,161.25,-8.726415094339618,-0.7053525425200218,3.729316683751601e-07,-0.16306294770168855,0.4706519609887133,0.052764184336186924
3,9,R DELTOID ANTERIOR C,complex,1343.6462684433716,424,0,160.40015163848264,81.91453196849147,-48.931138074536065,-0.688214041136326,8.731903744483038e-61,-0.06797645671801344,0.5953857869182891,0.25036224692587933,150.58333333333334,63.416666666666664,-57.88599889319315,-0.7039246029947003,1.1025090460344327e-64,-0.07336128560179393,0.6032106975267443,0.30355367648689063
3,10,L DELTOID ANTERIOR C,complex,524.1173387545066,166,0,156.3723251354047,145.14541028468952,-7.179604729285484,-0.5673905201644903,1.5813665094006402e-15,-0.01954647607089384,0.3483074624240285,0.03365476974581516,137.08333333333334,128.5,-6.261398176291799,-0.38697561345021886,2.6014848106972273e-07,-0.017533059099763236,0.17568148153505955,0.047633165457410385
3,11,R DELTOID POSTERIOR C,complex,390.70565252608674,124,0,142.71962568552877,151.50250065852862,6.153936384581199,-0.3515594020456333,6.235164216848209e-05,-0.016006229485967145,0.0749716492094862,0.048507677655657375,122.25,128.08333333333334,4.771642808452632,-0.4310550622481463,5.800423855373796e-07,-0.019933659771833204,0.13843412889802087,0.052062635444214515
3,12,L DELTOID POSTERIOR C,complex,619.411400346235,196,0,98.3231146027796,83.91892038582449,-14.64985550462607,-0.7779518523535929,5.160677372038384e-41,-0.0177779057469219,0.5999270304898998,0.04702396438538213,83.91666666666667,70.58333333333333,-15.888778550148968,-0.7009578140180733,2.7092251742518994e-30,-0.014660124915331224,0.49032875598391473,0.051088436045275284
4,1,R DELTOID ANTERIOR,uni-articular,161.9999047059384,52,0,191.71320727327165,135.63271050029266,-29.252286564191053,-0.9878767181763851,4.032888171671275e-42,-0.3360652538645813,0.9448157084040238,0.10507124812470853,186.25,123.08333333333333,-33.914988814317674,-0.9782065805878449,8.40239550763439e-36,-0.38233439143473064,0.9330301011899566,0.1277283870267447
4,2,L DELTOID ANTERIOR,uni-articular,123.88228006924702,40,0,201.576238168083,144.16022622316714,-28.48352190055253,-0.9761726078799251,8.021510942585067e-27,-0.5173980986960796,0.9561194949213603,0.11324303610273195,191.91666666666666,127.58333333333333,-33.52149370386452,-0.9606417508463027,9.704491816076145e-23,-0.5884618846153846,0.9192702811412627,0.14404216455760147
4,3,R DELTOID POSTERIOR,uni-articular,60.35290567476137,20,0,118.40874648536386,95.5468118134347,-19.307640145278505,-0.9849624060150375,3.5364320020841246e-15,-0.39186866008219623,0.9410104324110475,0.07017709558259903,106.25,85.75,-19.294117647058822,-0.9477247755587654,2.2886166944064467e-10,-0.34221337312030076,0.8828724908535175,0.06937174945096383
4,4,L DELTOID POSTERIOR,uni-articular,79.41171799310706,26,0,117.48166723034309,94.90411725282559,-19.21793460187309,-0.9555555555555554,3.1227033532223445e-14,-0.29591731748164535,0.9000345053918052,0.07079503686919218,108.16666666666667,87.08333333333333,-19.491525423728824,-0.842825491475969,6.567325277659272e-08,-0.2957377491452992,0.7666589145331246,0.08317708666930258
4,5,R BICEPS BRACHII,uni-articular,247.76456013849403,79,0,135.43101957094387,94.14547929502743,-30.48455250998795,-0.9682083739045764,4.282788447866607e-48,-0.17367082082910448,0.9206731550423849,0.11523045368756599,123.41666666666667,84.83333333333333,-31.262660364618505,-0.929493641294714,4.3105713181410043e-35,-0.1718914423076923,0.8575432251438293,0.13107309578265736
4,6,L BICEPS BRACHII,uni-articular,323.9998094118768,103,0,149.06319600195695,105.49063348860835,-29.23093270640498,-0.9677766550981857,2.6365660907289285e-62,-0.14833843197704838,0.8779492403385948,0.1256003635332748,132.83333333333334,91.16666666666667,-31.367628607277293,-0.9134382061295628,3.1900459906543776e-41,-0.13891835959122262,0.8338824636463569,0.1391253321394854
4,7,R DELTOID MEDIUS,uni-articular,82.58818671283134,27,0,182.36302508254406,173.63234495979785,-4.787527580656434,-0.4126984126984126,0.03240533810466476,-0.08643107001482261,0.18946262207638961,0.027836735719370936,174.66666666666666,164.41666666666666,-5.868320610687023,-0.3583869516471434,0.06641188877155116,-0.08442154380341879,0.11427633392828636,0.03679603177578029
4,8,L DELTOID MEDIUS,uni-articular,79.41171799310706,26,0,178.55452533901993,182.36320970896318,2.1330651590665286,-0.15350427350427348,0.4540497924839444,-0.03930012319574512,0.042462040302708934,0.024984488820926368,165.25,169.83333333333334,2.7735753908219927,-0.13835636721897376,0.500286792085183,-0.04345523290598291,0.02256095332564787,0.04061462437197928
4,9,R DELTOID ANTERIOR C,complex,416.117402283881,132,0,178.44462938743084,180.53556389119936,1.1717553567996608,-0.11822408206498199,0.17697998178989446,-0.0021514853845596153,0.008437272122743603,0.01560438115105729,167.83333333333334,170.58333333333334,1.638530287984111,0.014760417949309025,0.8665986319040644,0.0012738596969523038,0.0012898443788618532,0.024895585260066886
4,10,L DELTOID ANTERIOR C,complex,235.05868525959693,75,0,188.38118811989943,171.74364977451637,-8.831847017969613,-0.8937126600284494,4.024260471813783e-27,-0.10926172232637293,0.817103292036239,0.04558134721491673,177.33333333333334,158.41666666666666,-10.667293233082717,-0.8734037904583829,1.641327613838866e-24,-0.11970582880512093,0.7385145086777773,0.056778008217979264
4,11,R DELTOID POSTERIOR C,complex,225.5292791004241,72,0,116.43102367187315,118.568587123017,1.835905400237609,0.3027847449996785,0.009731103041714458,0.01874282285205557,0.14633931577860163,0.027131443272727325,103.58333333333333,105.91666666666667,2.2526146419951822,0.3303899107390572,0.004590469984924783,0.0187888816001029,0.12333128802720848,0.03302559355486088
4,12,L DELTOID POSTERIOR C,complex,212.8234042215269,68,0,114.26724132626627,117.59985788537365,2.916510909361842,0.013207619193037371,0.9148697241547342,-0.0007674784778254882,0.000304633810168232,0.023434128049292898,105.25,110.83333333333333,5.304829770387961,0.06477548199428415,0.5997216082019137,0.0014540831011184484,0.0006045198111164613,0.0339353630669623
5,1,R DELTOID ANTERIOR,uni-articular,209.64693550180263,67,0,145.89983363842575,127.29652664712775,-12.750739001801323,-0.4515523984356294,0.0001253438674026783,-0.04887848038295719,0.22499001055853224,0.048309495642175605,141.25,110.08333333333333,-22.064896755162245,-0.5391164018847916,2.5150604785392117e-06,-0.07839594540665656,0.26095721602100497,0.08111886124979956
5,2,L DELTOID ANTERIOR,uni-articular,133.41168622841985,43,0,168.54001109439739,142.6495317227622,-15.36162196947657,-0.8556327393536696,2.6926758531386145e-13,-0.2243447767291013,0.7390179703453804,0.06864153565836557,152.75,122.66666666666667,-19.69448990725586,-0.8634115327525831,9.345754124623101e-14,-0.26752381587888857,0.7219610976464191,0.09409813474357591
5,3,R DELTOID POSTERIOR,uni-articular,123.88228006924702,40,0,143.95117320958607,109.8268116668467,-23.705511238214036,-0.8829268292682927,4.816945887351343e-14,-0.20368996297533587,0.7489830456129009,0.07006477926844581,124.0,94.66666666666667,-23.65591397849462,-0.8515790727025453,3.28587372448272e-12,-0.20792260858348965,0.6923984524924051,0.08883523644008416
5,4,L DELTOID POSTERIOR,uni-articular,165.1763734256627,53,0,121.83935068430124,119.24612980649131,-2.1283935471137223,-0.48548621190130625,0.00022889983275329687,-0.0337678647188533,0.2036372376637019,0.030221286349705646,96.91666666666667,96.58333333333333,-0.3439380911436039,-0.1808461893312397,0.19500946960372673,-0.023036172593130136,0.05892707564093706,0.04697751518745758
5,5,R BICEPS BRACHII,uni-articular,184.23518574400836,59,0,169.2196758342766,147.98969509827023,-12.545811018334357,-0.7641145528930452,1.913522911130306e-12,-0.11745761388068876,0.599137699714422,0.053546592106237634,160.91666666666666,136.16666666666666,-15.380631796996374,-0.7487651694739589,9.168132596110865e-12,-0.13164823641145532,0.584230366894557,0.0657348125074402
5,6,L BICEPS BRACHII,uni-articular,193.7645919031812,62,0,136.38003202057226,123.33686731854293,-9.563837541893108,-0.7960766538238775,1.0468715043134982e-14,-0.11171445607541088,0.6162392073687906,0.06227832915397566,119.0,109.41666666666667,-8.053221288515402,-0.7840016241129604,4.873272434832677e-14,-0.09245029906700912,0.6083377748264415,0.058576127769750144
5,7,R DELTOID MEDIUS,uni-articular,92.11759287200418,30,0,137.99085130816766,113.65315682290357,-17.637179751077852,-0.818020022246941,3.384774965551678e-08,-0.23006772529158695,0.7063736397477273,0.06091668436309945,127.41666666666667,102.5,-19.55526487900589,-0.7826378507303043,3.218360998829506e-07,-0.21753401334816458,0.6176454234113387,0.06759541851516492
5,8,L DELTOID MEDIUS,uni-articular,117.52934262979844,38,0,151.1622039502558,133.31538610229055,-11.806402249756985,-0.5721632563737826,0.0001746526855874526,-0.10161022659587525,0.29898353132484645,0.044088418994642824,136.75,115.16666666666667,-15.783059110298595,-0.5219151917108273,0.0007774790595244283,-0.12249503665608923,0.2834498399769699,0.060359675393373766
5,9,R DELTOID ANTERIOR C,complex,304.9409970935311,97,0,123.76647085185165,119.74153535904263,-3.252040286118254,-0.09968703976435934,0.3313001995536224,-0.0038058296481744357,0.010914577981721827,0.027162400821010586,103.16666666666667,102.83333333333333,-0.323101777059783,-0.046300865749425435,0.6524647760103894,-0.0026287019382495295,0.00296806597295371,0.04182919064254074
5,10,L DELTOID ANTERIOR C,complex,289.0586534949097,92,0,98.03729312377584,116.35762570754844,18.687105692159896,0.42436385493889,2.489529369601857e-05,0.14741161343906933,0.1895696359765356,0.2810252924811378,67.16666666666667,79.41666666666667,18.23821339950372,0.43476384889418035,1.4875863196794647e-05,0.14432882249587725,0.14339474112870823,0.45325577331827566
5,11,R DELTOID POSTERIOR C,complex,250.94102885821832,80,0,109.05922563369806,104.87397650049706,-3.837592930705537,-0.5242381622128458,6.010394679145383e-07,-0.029079895225795887,0.2514542927175569,0.039677087425548756,96.0,88.5,-7.8125,-0.6422570913070389,1.35158732852534e-10,-0.04258507523148149,0.37140838899225653,0.05610714511099717
5,12,L DELTOID POSTERIOR C,complex,609.8819941870622,193,0,117.01160329449306,106.1821866275897,-9.254993831379304,-0.061346549329629824,0.3967076831772574,-0.0013692054959055808,0.0046867157346646695,0.03141549224846155,101.41666666666667,92.08333333333333,-9.202958093672976,0.084075096257972,0.24504033301469189,0.0016469309365151434,0.0041703855601817495,0.0460880387717274
6,1,R DELTOID ANTERIOR,uni-articular,247.76456013849403,79,0,188.71246673203606,133.39553002411512,-29.312815239953764,-0.9463729308666018,1.574249374528318e-39,-0.16215614291138294,0.8613708360991057,0.07863024274040638,186.16666666666666,120.16666666666667,-35.45210384959713,-0.9245086732463571,5.442468517037587e-34,-0.1662626298076923,0.7777962414884307,0.09092740191374936
6,2,L DELTOID ANTERIOR,uni-articular,117.52934262979844,38,0,186.3949974849996,154.93671989533672,-16.87721130616423,-0.9244993981836086,1.185144258764205e-16,-0.22347217469385153,0.8038841187326576,0.052198049194517274,180.25,141.16666666666666,-21.682847896440137,-0.90209602238802,1.0556772220882097e-14,-0.29882278381113897,0.7666469527794693,0.07774847926845498
6,3,R DELTOID POSTERIOR,uni-articular,276.3527786160126,88,0,120.02572322779127,106.99610551520523,-10.855687732751866,-0.889278292416611,5.832156692226405e-31,-0.06801714668760804,0.79696699852686,0.0566174602385459,110.83333333333333,97.0,-12.481203007518793,-0.870205902817929,3.576398212820524e-28,-0.06897216201877357,0.7623757415360497,0.06425267271982911
6,4,L DELTOID POSTERIOR,uni-articular,276.3527786160126,88,0,118.61552011994758,97.37942970109417,-17.9032983182798,-0.8343841358176889,5.772974763440419e-24,-0.06219124139138257,0.7041630050723505,0.05700668266962175,94.91666666666667,85.75,-9.657594381036,-0.5474604188852646,3.396904223569433e-08,-0.03124822464645487,0.29952970215857133,0.05153488529546565
6,5,R BICEPS BRACHII,uni-articular,15.882343598621409,6,0,179.26121304973222,177.06072907633197,-1.2275293332918455,-0.3142857142857143,0.5440932944606415,-0.32203085739184223,0.32567945446543084,0.017182158397309227,166.08333333333334,162.0,-2.4586051179127,-0.7714285714285715,0.07239650145772594,-0.5509262500000001,0.6855429713524318,0.022004420391733344
6,6,L BICEPS BRACHII,uni-articular,292.235122214634,93,0,153.37936971850823,107.36994281607156,-29.997141719173943,-0.8266091731073378,1.915807582746549e-24,-0.1072805769530922,0.6773458874033094,0.0871464128312861,139.5,95.58333333333333,-31.48148148148148,-0.7691045090477409,2.1890686070146946e-19,-0.09897681764942858,0.5909907272670172,0.09470190481558634
6,7,R DELTOID MEDIUS,uni-articular,155.64696726648984,50,0,155.97437052561108,107.19649598682967,-31.27300618326397,-0.978391356542617,1.6244673802866379e-34,-0.3174305211994643,0.9564438120246503,0.11213205489169278,146.58333333333334,94.08333333333333,-35.8158044343377,-0.9687364977690464,1.0320229810960494e-30,-0.34293670966386564,0.9405065894000626,0.13509621685673803
6,8,L DELTOID MEDIUS,uni-articular,177.88224830455982,57,0,188.01647263363722,137.26467307950068,-26.993272899566538,-0.959942960850402,4.5420836407324624e-32,-0.2887492193165424,0.9099535452194393,0.0999993192702744,177.91666666666666,119.83333333333333,-32.6463700234192,-0.945027882958903,2.2532562140416627e-28,-0.30647938115763546,0.858523903840489,0.12202805803483327
6,9,R DELTOID ANTERIOR C,complex,314.470403252704,100,0,178.68447790662617,168.795491364586,-5.5343288112623705,-0.5638283828382837,1.008501888285174e-09,-0.03742175453479802,0.3078641236367147,0.03599553393239006,165.16666666666666,153.41666666666666,-7.114026236125126,-0.38331978342054607,8.268868131397765e-05,-0.033202450885088504,0.13448075403493043,0.053305515663410685
6,10,L DELTOID ANTERIOR C,complex,235.05868525959693,75,0,175.81405319520013,175.31168533187372,-0.2857381729142273,0.5934850640113798,2.0058410390462656e-08,0.07086339489510268,0.26800910903732794,0.052836186744957256,167.66666666666666,166.08333333333334,-0.9443339960238457,0.5868134881398435,3.15067416242089e-08,0.09415118019203417,0.3016255215081019,0.06961184433842763
6,11,R DELTOID POSTERIOR C,complex,635.2937439448565,201,0,121.62138059464557,112.30096389363074,-7.663468919234724,-0.3802453081129008,2.5790644798738085e-08,-0.007413235706286673,0.18563407114229533,0.027838952799288927,113.91666666666667,98.83333333333333,-13.240673006583767,-0.4288148833518548,2.1379195593334784e-10,-0.010934436317792225,0.22613126660758015,0.04143380381075814
6,12,L DELTOID POSTERIOR C,complex,282.70571605546115,90,0,111.41879256833158,99.56328901340318,-10.640488271004724,-0.6318557846647734,2.4190772786650064e-11,-0.049612441266058835,0.430709171023996,0.05869341997860986,92.16666666666667,84.58333333333333,-8.227848101265833,-0.48565633688451515,1.2224780420642332e-06,-0.03587520154751616,0.29444556612345285,0.06152815708144908
7,1,R DELTOID ANTERIOR,uni-articular,111.17640519034988,36,0,181.24057573432788,167.55346160639706,-7.551903911403435,-0.7207207207207208,7.151885955834427e-07,-0.20176015921932602,0.47071896187549245,0.056161487822196106,171.58333333333334,154.41666666666666,-10.004856726566306,-0.6674818213191088,8.720020003003214e-06,-0.25218626303088804,0.4198534291940149,0.07928704966421504
7,2,L DELTOID ANTERIOR,uni-articular,98.47053031145276,32,0,164.62638574633596,150.89187146240366,-8.342838981531845,-0.5029325513196481,0.003348172513336726,-0.17152465429716476,0.2712126698907167,0.06331745033797083,147.41666666666666,130.83333333333334,-11.249293386093827,-0.4536952823041843,0.009105384296185551,-0.2359092975623167,0.25341209638003337,0.10218823053831569
7,3,R DELTOID POSTERIOR,uni-articular,127.05874878897129,41,0,118.14354079515608,117.4189706385434,-0.6132964627063158,-0.39041811846689906,0.011615007801960734,-0.11830345717227318,0.17473373531954484,0.08318170542781626,94.83333333333333,92.08333333333333,-2.8998242530755713,-0.41081928694397857,0.007627913286069983,-0.12684466746515677,0.17204881038826514,0.10978134085951369
7,4,L DELTOID POSTERIOR,uni-articular,130.23521750869557,42,0,125.76890568234028,116.7609049705826,-7.162343238089035,-0.6065148691354023,2.066868953242578e-05,-0.16763375422649965,0.30646685637503224,0.09730267642811838,102.58333333333333,93.16666666666667,-9.1795288383428,-0.5707107620151706,7.931704607271831e-05,-0.14899568197471844,0.32517649643496793,0.10334895024463994
7,5,R BICEPS BRACHII,uni-articular,317.64687197242824,101,0,158.80006406429686,162.80075798731343,2.5193276505207964,0.048631333721607446,0.6291374204938336,0.0004558746685910427,9.656955892224397e-05,0.026995742711700507,144.25,152.0,5.37261698440208,0.024118777237138827,0.8107888989208405,0.0019416953115899813,0.0010483304657215706,0.03747079009024133
7,6,L BICEPS BRACHII,uni-articular,276.3527786160126,88,0,145.40422884810866,127.61628708443737,-12.233441836311943,-0.7270966151245114,1.0484286143563215e-15,-0.05248037561163595,0.5420598155303717,0.04371549623492893,130.25,111.08333333333333,-14.715291106845813,-0.6148296825073696,1.8595754185194885e-10,-0.05611360316649643,0.4145617583180072,0.060437606458823595
7,7,R DELTOID MEDIUS,uni-articular,104.82346775090132,34,0,139.7895797749655,136.61703871471275,-2.269511837262781,-0.27303284950343776,0.11820681366211637,-0.06903140320601604,0.11121670345170868,0.045396173093833,127.5,116.75,-8.431372549019608,-0.4737446218116851,0.0046524786683724674,-0.11996159052711994,0.20423602603321142,0.06515051603826658
7,8,L DELTOID MEDIUS,uni-articular,161.9999047059384,52,0,166.40230670148057,147.31500301172395,-11.470576380890273,-0.6009562025100317,2.4700986861048898e-06,-0.10565529622072413,0.32335343919879356,0.05829740596913391,153.58333333333334,136.0,-11.448724905046125,-0.49735292331463904,0.00017609314641292326,-0.09980250992486982,0.2425059497176809,0.06991548552465056
7,9,R DELTOID ANTERIOR C,complex,393.88212124581105,125,0,141.97385906447823,149.61816293534636,5.384303787499658,-0.2302918586789554,0.009774685435426587,-0.012207272977980261,0.06178753231899008,0.0385750328143876,125.25,135.25,7.984031936127744,-0.182785839800311,0.04132048574091038,-0.01117423994623656,0.034614103888498934,0.05256173519911048
7,10,L DELTOID ANTERIOR C,complex,400.2350586852596,127,0,168.30688577257993,160.48864217909895,-4.6452309764944335,-0.5924435226846644,2.1857364063509697e-13,-0.0273962482120974,0.34507053114210084,0.03371043429174495,144.91666666666666,139.0,-4.082806210465779,-0.5324315273435181,1.1741935698186272e-10,-0.03348579708298182,0.2881381232489008,0.0530170175187432
7,11,R DELTOID POSTERIOR C,complex,107.9999364706256,35,0,123.80322137454004,125.37099719716089,1.2663449344972022,0.45462184873949585,0.006075261914311166,0.044294360397201464,0.2009562081551737,0.025269928130488364,105.25,104.58333333333333,-0.633412509897075,0.18053127517314704,0.2993598811026674,0.022663152661064435,0.05069941107578222,0.030371896422392724
7,12,L DELTOID POSTERIOR C,complex,149.29402982704127,48,0,140.96166921274934,128.18851346942617,-9.061439052658365,-0.8348892748588798,1.639002010730589e-13,-0.1021975518293711,0.7159741130513994,0.03983452501963747,123.08333333333333,108.75,-11.645226811103585,-0.7349675925588153,2.7171310836590603e-09,-0.10523593580384281,0.5544898986603554,0.05490603101884079
8,1,R DELTOID ANTERIOR,uni-articular,219.17634166097548,70,0,191.44317021169874,178.2835717887173,-6.873892867752608,-0.6001399702563205,3.996364291258824e-08,-0.03644160726963491,0.3361294542155751,0.021820157950081423,182.0,163.33333333333334,-10.256410256410252,-0.5293891632373301,2.4530990155670896e-06,-0.052949288688653666,0.2821494829392088,0.03739039395761604
8,2,L DELTOID ANTERIOR,uni-articular,152.47049854676555,49,0,160.66293016219947,116.18927646907025,-27.68134108361539,-0.9558163265306121,1.2366152949019025e-26,-0.2638448866691494,0.9123033095755418,0.09076058050658982,144.25,96.66666666666667,-32.98671288272674,-0.9275451961468854,1.0092640797216048e-21,-0.28597569732142863,0.8835115133733452,0.11634772521568493
8,3,R DELTOID POSTERIOR,uni-articular,177.88224830455982,57,0,137.34174786875246,128.7408360457828,-6.262416167288719,-0.5591781177080632,6.147285336753228e-06,-0.16728921704554606,0.3465707121413825,0.09802690386704392,112.58333333333333,103.16666666666667,-8.3641746854182,-0.540933934978261,1.3977642909291361e-05,-0.1904591979679803,0.26326941014854094,0.1518979601549839
8,4,L DELTOID POSTERIOR,uni-articular,47.64703079586424,16,0,92.48718879641751,92.15896269316886,-0.3548881823742565,-0.25,0.35039147910720203,-0.022456920372744937,0.04272388305503153,0.01695978704923044,77.75,80.66666666666667,3.7513397642015063,0.21665491411834095,0.42026437621712365,0.07534726654411765,0.11193440310816649,0.040641657281472024
8,5,R BICEPS BRACHII,uni-articular,339.88215301049826,108,0,180.3827228960804,151.00031123503797,-16.288927891375614,-0.758066821000886,2.1299054970139012e-21,-0.07104317514760086,0.6342580816959354,0.05469835944221504,170.58333333333334,139.5,-18.221787982413293,-0.7149772132613954,3.5852221212312395e-18,-0.07323924277391941,0.5480488998045183,0.0658929745376047
8,6,L BICEPS BRACHII,uni-articular,212.8234042215269,68,0,156.75441826660827,127.77500386817697,-18.487143596260903,-0.9510630988281099,2.231510117993709e-35,-0.1399908520975364,0.9007222953630356,0.06397976083912721,143.83333333333334,112.58333333333333,-21.72653534183083,-0.9308159535608274,1.4802177018255994e-30,-0.14556152961216934,0.8480402915124922,0.07593183011948229
8,7,R DELTOID MEDIUS,uni-articular,66.70584311420993,22,0,144.64420943552625,124.61170397291914,-13.849503924687978,-0.9469226425748165,2.570485909906978e-11,-0.3320963111188508,0.8838007539896483,0.05303538202961352,131.58333333333334,111.0,-15.642811906269797,-0.9087828659482958,4.918046923621357e-09,-0.32539178853754946,0.8191439024849368,0.05988943601180641
8,8,L DELTOID MEDIUS,uni-articular,53.9999682353128,18,0,130.33046663455787,110.9902747287695,-14.839348316013929,-0.9215686274509803,5.617518611953258e-08,-0.44820231837464614,0.8757941193880276,0.0661367529862944,119.0,97.83333333333333,-17.78711484593838,-0.8859061583272966,1.003606895293191e-06,-0.457440165118679,0.854866907849639,0.07600295786021097
8,9,R DELTOID ANTERIOR C,complex,1111.764051903499,351,0,170.13575097514118,78.98466348738835,-53.575504833825946,-0.0602960927960928,0.2598935730303559,-0.044746931750354185,0.19132635783618812,0.19337734657882308,148.5,58.833333333333336,-60.38159371492704,-0.04533306547159489,0.39715092893046455,-0.03881794488116051,0.1523604655451703,0.2232813245247487
8,10,L DELTOID ANTERIOR C,complex,981.5288343948033,310,0,129.26954656324173,119.09378961268521,-7.871735626130858,-0.7263443042104766,4.3856894068059805e-52,-0.016750711639533324,0.5062082859550899,0.052470778591437874,112.33333333333333,101.16666666666667,-9.94065281899109,-0.7076059649524029,2.2541620959073196e-48,-0.01658098223555748,0.4803351062406535,0.062141326507616515
8,11,R DELTOID POSTERIOR C,complex,991.0582405539761,313,0,144.033865101398,136.0362703929351,-5.552579390154309,-0.43034251518002353,1.5288538346151488e-15,-0.012036075989408888,0.23389086438744114,0.05578687884269754,128.25,125.25,-2.3391812865497075,-0.4477635634375443,7.721892860195644e-17,-0.015431014751703496,0.2286294694040568,0.08281297736443308
8,12,L DELTOID POSTERIOR C,complex,603.5290567476136,191,0,98.8396057399507,90.43147387597692,-8.506844802776499,-0.35597271975750894,4.3292769335919136e-07,-0.010012888671485082,0.14594495758372722,0.05176959166625104,83.41666666666667,78.0,-6.493506493506499,-0.3165119427556959,8.165773769146133e-06,-0.008283656437293334,0.11520527015164787,0.055397678242550964
9,1,R DELTOID ANTERIOR,uni-articular,98.47053031145276,32,0,140.91030756905033,130.34163163025434,-7.500285906066183,-0.5300586510263929,0.0018067016103402466,-0.09622298069456071,0.36887496958999044,0.03465247985539182,121.91666666666667,114.16666666666667,-6.356801093643198,-0.4809687046312148,0.005325983062679178,-0.08598846293071848,0.2518078354762622,0.04318836915220863
9,2,L DELTOID ANTERIOR,uni-articular,101.64699903117703,33,0,148.258753237752,123.71157560971305,-16.55698371392236,-0.9508689839572194,2.4423145885064316e-17,-0.2805093630738402,0.914566699347928,0.06537964018516174,125.33333333333333,110.25,-12.034574468085104,-0.8712376530995739,4.248734403495955e-11,-0.20814932277740641,0.7005608575597005,0.06346274301312323
9,3,R DELTOID POSTERIOR,uni-articular,177.88224830455982,57,0,108.56048867678847,103.10915972226366,-5.021466853152044,-0.7264713507907701,1.5901896589715035e-10,-0.036657963735201124,0.5417569944412958,0.025041312012145468,96.58333333333333,92.41666666666667,-4.314063848144943,-0.3702035219118994,0.004589458929921057,-0.022752056326160234,0.16789377097195068,0.031127129342818523
9,4,L DELTOID POSTERIOR,uni-articular,244.58809141876975,78,0,111.47917934091437,101.55013772602338,-8.90663321491361,-0.5684568595960999,5.666320036470152e-08,-0.024590845855949214,0.3637946660726171,0.028439329306364572,104.41666666666667,98.66666666666667,-5.506783719074222,-0.4989087234338755,3.3337018651461782e-06,-0.02538397227772228,0.29163132268166503,0.03429044176001738
9,5,R BICEPS BRACHII,uni-articular,250.94102885821832,80,0,128.8802324827693,115.5436963527312,-10.348007505201481,-0.4964838255977496,2.816118910873306e-06,-0.040944301125544334,0.22805109764378503,0.05060696517769435,112.41666666666667,101.16666666666667,-10.007412898443292,-0.37153545124476073,0.0006909705984949587,-0.02346998958333334,0.11054691742811942,0.048392549144117857
9,6,L BICEPS BRACHII,uni-articular,247.76456013849403,79,0,120.04904863438635,112.329789666907,-6.43008758110914,-0.4526533592989289,2.8094591938492244e-05,-0.06298902023629735,0.20978911742607304,0.0855133376090696,108.25,98.16666666666667,-9.31485758275596,-0.4663517813435873,1.4794633242479421e-05,-0.0534009158653846,0.21577687254613076,0.08123976302049213
9,7,R DELTOID MEDIUS,uni-articular,114.35287391007415,37,0,148.70700047454628,129.22637321956924,-13.100006854291621,-0.7363679468942625,2.0487238968327098e-07,-0.14154158703631461,0.5585139131962632,0.04848778274611396,133.33333333333334,114.41666666666667,-14.187500000000004,-0.6655992195976841,6.950654093719433e-06,-0.14501791014698912,0.48290562868375153,0.06005552257522344
9,8,L DELTOID MEDIUS,uni-articular,123.88228006924702,40,0,165.9116186517726,122.34942732880957,-26.256263230361547,-0.830393996247655,3.410931278483365e-11,-0.23195363711574124,0.6150555233523884,0.08003119892288159,146.91666666666666,105.58333333333333,-28.13386273397618,-0.7658596635669799,8.509425287139158e-09,-0.19557069734990615,0.4605429379098714,0.09093214294447118
9,9,R DELTOID ANTERIOR C,complex,1337.293331003923,422,0,146.73261846483112,80.16095405955521,-45.369369879562136,-0.38123479511776726,4.782137285693898e-16,-0.05595499178256949,0.5210126624987351,0.22875311661022418,131.91666666666666,60.916666666666664,-53.82185723310171,-0.3908524963978832,7.468889026636732e-17,-0.05761337461380766,0.5012389146143669,0.27715432244164556
9,10,L DELTOID ANTERIOR C,complex,914.8229912805933,289,0,134.3879888211236,133.71479724238455,-0.5009313590034438,-0.0708865290538122,0.22961151644783603,-0.0011642931129176323,0.005050864161964835,0.0332062988127742,114.5,116.25,1.5283842794759825,-0.0698481821798755,0.2365242362484366,-0.00146921961815913,0.005699037186577987,0.04717492547885921
9,11,R DELTOID POSTERIOR C,complex,581.2937757095436,184,0,101.36367244451888,103.46828035616097,2.076294061656105,0.2331471171813296,0.001447446960150564,0.00768383226857939,0.05726256994891765,0.056220600963924464,90.16666666666667,95.5,5.914972273567462,0.19126044659970085,0.009301836701355412,0.006924234968262988,0.04407651262854352,0.06646772553830663
9,12,L DELTOID POSTERIOR C,complex,330.3527468513254,105,0,118.56452715438265,108.34956067740985,-8.615533433260273,-0.27139747045407425,0.005102807344182614,-0.011960303775737799,0.12100556539145914,0.03042186581588127,109.08333333333333,100.91666666666667,-7.486631016042772,-0.2619930628834109,0.006937612965154813,-0.011790875920070493,0.10298447472371552,0.035332744320055405
10,1,R DELTOID ANTERIOR,uni-articular,114.35287391007415,37,0,127.22923806647931,102.05716207972846,-19.784820194865933,-0.9155998103366524,2.061605986535773e-15,-0.23459768188914923,0.8567646907117846,0.07736381864633403,119.25,96.41666666666667,-19.147449336128577,-0.9186625821493272,1.1067767120983266e-15,-0.21756418326220966,0.8625352454371581,0.0752265138879734
10,2,L DELTOID ANTERIOR,uni-articular,111.17640519034988,36,0,135.6376510371729,89.68561875880512,-33.878522612997884,-0.9765765765765766,2.8661957318425883e-24,-0.452222226436041,0.9174859330329479,0.14783116357864012,131.5,85.91666666666667,-34.664131812420784,-0.9085994121954095,1.9072359626548337e-14,-0.45166025900900897,0.873076434973521,0.158208673867641
10,3,R DELTOID POSTERIOR,uni-articular,133.41168622841985,43,0,125.32532544153621,86.42831942313252,-31.036828255873143,-0.9794623980670492,3.872342384917536e-30,-0.3032567022671569,0.9188579737935242,0.124837313228743,118.91666666666667,79.75,-32.936229852838125,-0.9633713713016481,4.7119540684935315e-25,-0.31325803967834487,0.8941333920831809,0.13958039889945623
10,4,L DELTOID POSTERIOR,uni-articular,295.4115909343583,94,0,143.26533340903907,100.97452972555162,-29.519216322026992,-0.9363941769316909,1.2862646939320699e-43,-0.11567692683504198,0.7750274252984439,0.10053583723409494,128.33333333333334,94.0,-26.753246753246756,-0.8896395580814884,4.4801578194543614e-33,-0.09784590759672002,0.7755540782671085,0.09150799549626806
10,5,R BICEPS BRACHII,uni-articular,247.76456013849403,79,0,116.8992960545148,90.58802750683697,-22.50763643213715,-0.8458130477117819,1.0373131171092454e-22,-0.16522185126913372,0.7346542388844083,0.12529615003180708,104.83333333333333,78.41666666666667,-25.198728139904603,-0.8042946425682139,4.400065785508623e-19,-0.15768530048076923,0.689123906004042,0.13781303316486399
10,6,L BICEPS BRACHII,uni-articular,428.82327716277814,136,0,119.99702664555436,101.81230898458962,-15.154306876851638,-0.7254711130194169,1.7074313157467117e-23,-0.03416054925497493,0.525441671310776,0.05604951980983943,110.91666666666667,93.91666666666667,-15.326821938392184,-0.7514761246498105,5.714534696185206e-26,-0.03700889804279375,0.5932548518007282,0.061887396602002084
10,7,R DELTOID MEDIUS,uni-articular,104.82346775090132,34,0,145.59174246395833,123.53407091639652,-15.150358924389035,-0.952635599694423,4.196865685351789e-18,-0.18873279355629066,0.9111824376899439,0.04560943521622569,136.25,118.91666666666667,-12.721712538226296,-0.7568230519987205,2.229996802608007e-07,-0.11764076184110007,0.5992759254284216,0.03725275522751247
10,8,L DELTOID MEDIUS,uni-articular,152.47049854676555,49,0,142.2188613159955,135.49344989282653,-4.728916657703932,-0.6174489795918366,2.2924915836200037e-06,-0.04562431738296821,0.3907474049117884,0.024074403516573847,135.08333333333334,129.58333333333334,-4.071560764959901,-0.44675380322150404,0.0012912787541891455,-0.04024331543367347,0.18443036924089382,0.03294762966563996
10,9,R DELTOID ANTERIOR C,complex,158.82343598621412,51,0,123.8046202459023,112.86984983526752,-8.83227975572802,-0.5637104072398189,1.6525669351864325e-05,-0.052516803948823805,0.37036558454784185,0.035188470483564584,115.0,105.66666666666667,-8.115942028985502,-0.4832817329108415,0.0003277662597575878,-0.04881769253393665,0.2544165712745583,0.04305767450737522
10,10,L DELTOID ANTERIOR C,complex,292.235122214634,93,0,138.98987238533672,111.69225007495398,-19.64000818325999,-0.9417803109426753,7.42108285367293e-45,-0.0871089977314966,0.8593691950810536,0.06703814759428585,124.5,103.0,-17.269076305220885,-0.8499789307609162,4.582032515836412e-27,-0.07456670080346753,0.7332499329208313,0.06808601876461334
10,11,R DELTOID POSTERIOR C,complex,161.9999047059384,52,0,120.84933965932079,86.35970154505291,-28.53936828409288,-0.9897549731068044,6.129145755498423e-44,-0.24429036609604346,0.9767637892167264,0.11483912447370419,104.58333333333333,77.0,-26.374501992031867,-0.971094339194819,9.011081574873545e-33,-0.22034093485870404,0.9523673445427852,0.11746550804822731
10,12,L DELTOID POSTERIOR C,complex,327.1762781316011,104,0,135.92319481327928,119.00859092395679,-12.444236550324218,-0.5378214018990719,3.923861971815037e-09,-0.047322185461863044,0.41482826486854957,0.05978367502057818,118.41666666666667,109.41666666666667,-7.600281491907107,-0.41635208990704625,1.1027764423272538e-05,-0.0299599893310573,0.24374986197598672,0.0544637760465706
11,1,R DELTOID ANTERIOR,uni-articular,244.58809141876975,78,0,179.70746068863613,150.77419630330633,-16.100202114290635,-0.7877565472502179,1.1689407601872213e-17,-0.06862725150636946,0.6117369100522568,0.03903294703005239,170.33333333333334,133.83333333333334,-21.428571428571427,-0.7066591901057901,4.866425601158542e-13,-0.09110163836163837,0.5340911428040888,0.06097470681427567
11,2,L DELTOID ANTERIOR,uni-articular,304.9409970935311,97,0,179.73086771775866,149.82174542592534,-16.64106042085173,-0.509875341889333,9.589497534588977e-08,-0.057350769394808356,0.35733418377841436,0.0536520752146157,173.75,127.58333333333333,-26.57074340527578,-0.5426180770369071,9.393355924533803e-09,-0.08088226085827373,0.3889296109435789,0.08084699480492102
11,3,R DELTOID POSTERIOR,uni-articular,215.9998729412512,69,0,128.7822249173568,127.64496380939313,-0.8830885696325668,-0.14665692363902086,0.22917647672127456,-0.009646770490439577,0.016938256548550783,0.03808086557270761,110.41666666666667,105.58333333333333,-4.377358490566046,-0.43979644649711686,0.0001561363664327887,-0.03628366523565947,0.22056807696871894,0.0478991080345197
11,4,L DELTOID POSTERIOR,uni-articular,422.4703397233296,134,0,130.84306506795554,153.60190892105592,17.394000852303638,0.8812005137221164,8.816676593963445e-45,0.07292875181100138,0.7951897246115783,0.07075616407987372,102.83333333333333,125.08333333333333,21.636952998379254,0.7938774481336106,2.641205482789762e-30,0.05988644971570719,0.5917462292951549,0.08475255333090553
11,5,R BICEPS BRACHII,uni-articular,482.82324539809093,153,0,158.06141411211755,130.13047457511064,-17.67094119327231,-0.5833232814656962,2.528300218963941e-15,-0.051142493309639464,0.3757758090412125,0.08707943836131939,146.0,117.16666666666667,-19.748858447488583,-0.6249572781226261,5.9322885881616895e-18,-0.066773928969315,0.4513717098290661,0.11735384364768955
11,6,L BICEPS BRACHII,uni-articular,323.9998094118768,103,0,141.55936522440967,118.84581868480835,-16.045244695463452,-0.7196437200720468,1.0883223851634999e-17,-0.07477370531227118,0.5204921865383036,0.07631867022627734,114.75,102.58333333333333,-10.602759622367468,-0.6304489987972774,9.592872518312972e-13,-0.055170073666695955,0.3894605456044132,0.07603059106826171
11,7,R DELTOID MEDIUS,uni-articular,165.1763734256627,53,0,197.52187654833867,140.07111496542362,-29.085771453196667,-0.9836316723109176,1.2453328254819671e-39,-0.348128123725366,0.9705297191920196,0.10259200305217964,191.75,123.91666666666667,-35.375923511516724,-0.9542586450270568,2.106112016914327e-28,-0.4120809551886792,0.926151669517846,0.13517596416662692
11,8,L DELTOID MEDIUS,uni-articular,215.9998729412512,69,0,187.58321543137504,148.0232603837145,-21.08928293860761,-0.9241870661308004,1.0330910925942677e-29,-0.20725630067397802,0.8518352617348095,0.08532361346486697,174.08333333333334,128.0,-26.471996170416475,-0.9090510523432139,3.585015216125268e-27,-0.2463597032334673,0.827829679950044,0.11865361204823037
11,9,R DELTOID ANTERIOR C,complex,254.1174975779426,81,0,169.37412913437285,158.96568369853455,-6.145239234015939,-0.10923667570009032,0.3316686101026437,-0.010232359333481794,0.016020983310883995,0.03842421467564275,147.5,138.08333333333334,-6.384180790960446,0.1084146201914021,0.3353421021812761,0.0011393203195573605,0.00014316591129828515,0.05311619827646567
11,10,L DELTOID ANTERIOR C,complex,289.0586534949097,92,0,148.58059737219722,131.98774007387382,-11.167580149619383,-0.8322827242883344,8.74851393450398e-25,-0.05368178434260081,0.6908996435464185,0.03891227412223033,131.41666666666666,115.83333333333333,-11.857958148383004,-0.81261178715708,8.09937530627001e-23,-0.055476421472111355,0.626132222452275,0.048251928289715695
11,11,R DELTOID POSTERIOR C,complex,152.47049854676555,49,0,131.8793744525245,106.79888627127502,-19.017748821881355,-0.8361224489795916,7.593978649295319e-14,-0.12381975393588135,0.7355103407886887,0.05313262555125773,107.91666666666667,89.41666666666667,-17.142857142857142,-0.8827358053931746,4.9912689434304446e-17,-0.11358236084183673,0.7476710985683847,0.05930206632103123
11,12,L DELTOID POSTERIOR C,complex,200.1175293426298,64,0,141.5020402594894,132.9219327226668,-6.063592808335636,-0.5717032967032967,8.042114174074512e-07,-0.04740030106307566,0.27112253116490415,0.03931497160722334,115.66666666666667,103.33333333333333,-10.662824207492804,-0.6869245732041531,3.6717218014983387e-10,-0.06176658768315019,0.44740565928724246,0.049551726698513425
12,1,R DELTOID ANTERIOR,uni-articular,219.17634166097548,70,0,140.82353610669608,117.43161244220168,-16.610805488346294,-0.6438106902283264,1.8326094337825694e-09,-0.06715445890650827,0.41057622627020085,0.05214014000982931,117.33333333333333,96.83333333333333,-17.47159090909091,-0.6502870063082318,1.1120028508505823e-09,-0.07205135185023183,0.39367573005806583,0.06826535871638417
12,2,L DELTOID ANTERIOR,uni-articular,282.70571605546115,90,0,136.2885113678268,101.14377702898135,-25.78701167554315,-0.866502037288554,2.72423623306602e-28,-0.12422702609213997,0.741822813569521,0.09996277074691824,120.08333333333333,82.58333333333333,-31.228313671061763,-0.8795600785897877,3.937061318343636e-30,-0.14351441098695308,0.7565654080476016,0.1324383048762206
12,3,R DELTOID POSTERIOR,uni-articular,101.64699903117703,33,0,92.43942515731904,93.49977143549522,1.1470714755869822,0.2800802139037434,0.11440871411412262,0.025531270564285488,0.10293011054445447,0.025745100313040968,78.5,80.91666666666667,3.078556263269645,0.43964894249396913,0.01046503290625165,0.05992217329545455,0.16819700603025706,0.055524335298142574
12,4,L DELTOID POSTERIOR,uni-articular,689.2937121801692,218,0,96.42030183343763,100.21219904142565,3.932675106678645,0.5059852235720916,1.4223723676574133e-15,0.009578636784251896,0.25320802657444824,0.03786276004332248,80.83333333333333,86.0,6.391752577319594,0.5111751704898855,6.527250157513749e-16,0.011988008333531208,0.25194895267715384,0.054482527072721214
12,5,R BICEPS BRACHII,uni-articular,336.70568429077395,107,0,123.35492210834576,110.44832385204144,-10.462977914223908,-0.5470816434491272,1.080711687814021e-09,-0.031718720871635894,0.2639738389674565,0.05022623652973774,108.08333333333333,91.83333333333333,-15.034695451040864,-0.5795468529784407,6.13285802193381e-11,-0.038920877172358405,0.3287332579098562,0.06284758446911445
12,6,L BICEPS BRACHII,uni-articular,320.82334069215256,102,0,126.2057049165516,101.14131043577879,-19.859953634699494,-0.16735557050850716,0.09271304738690654,-0.01905480167079077,0.03642122628325566,0.08500522356178013,107.58333333333333,86.91666666666667,-19.209914794732757,-0.20791824761060132,0.03599660233681335,-0.022264334998105748,0.05656197332777176,0.09273492414729786
12,7,R DELTOID MEDIUS,uni-articular,98.47053031145276,32,0,133.3947226091028,128.63064733420995,-3.5714121081486936,-0.43108504398826974,0.01376858276570685,-0.03510822787064047,0.17344316697074894,0.01893710718863349,119.5,118.66666666666667,-0.697350069735003,0.00936727225058515,0.9594194835665877,0.001327116019061586,0.00015017978635435006,0.027099154165820438
12,8,L DELTOID MEDIUS,uni-articular,98.47053031145276,32,0,151.6191428793746,116.84621653042467,-22.93439053181737,-0.49890029325513185,0.0036543211850082586,-0.22632741064677836,0.28960612546233677,0.09422835828161819,137.91666666666666,101.08333333333333,-26.70694864048338,-0.4787312386417947,0.005574587813432402,-0.22335939607771263,0.287240683594382,0.10663350364714426
12,9,R DELTOID ANTERIOR C,complex,695.6466496196178,220,0,142.78851546512718,139.07444196729054,-2.601100995929686,-0.5220964370037697,8.782744632023631e-17,-0.016406431831749942,0.2765781002409234,0.04305480567431838,124.16666666666667,119.41666666666667,-3.825503355704698,-0.38539029603752506,3.344617032349192e-09,-0.015849317295717983,0.15096031353297287,0.06499363655907356
12,10,L DELTOID ANTERIOR C,complex,397.05858996553536,126,0,106.18670498146211,95.13103848731174,-10.411535508216826,0.4356145481814774,3.4327531667800746e-07,0.016083148628275833,0.14353045427699354,0.047791948037334546,85.91666666666667,76.0,-11.542192046556746,0.30636606353568047,0.0004848971282759884,0.013444146835395576,0.08734962892945049,0.0637167486792948
12,11,R DELTOID POSTERIOR C,complex,438.35268332195096,139,0,93.66931694151197,87.23009179814501,-6.874423080706,-0.29883819652352644,0.0003523098388092156,-0.009124802493771436,0.1344635205868583,0.03609503055357817,80.91666666666667,77.5,-4.222451081359429,-0.2868980566247855,0.00061658959005323,-0.007745878250815503,0.10922370679961986,0.03888612031124765
12,12,L DELTOID POSTERIOR C,complex,295.4115909343583,94,0,104.64508093685969,90.25665943304632,-13.749735176271678,-0.7724668569157966,7.701313565470712e-20,-0.040258164224432166,0.5983750843938721,0.04633417697881176,90.25,79.16666666666667,-12.28070175438596,-0.7066527401001348,1.7514342219083576e-15,-0.03536224337138315,0.46018074477787085,0.05307927289888
13,1,R DELTOID ANTERIOR,uni-articular,215.9998729412512,69,0,138.87405235447952,120.05171532406992,-13.553530491329735,-0.5118012422360249,6.966140386020189e-06,-0.05003594139796629,0.29634604480178267,0.04611880034562345,116.91666666666667,111.08333333333333,-4.989308624376345,-0.01165903779063308,0.9242503665438901,-0.007617326772013156,0.006475738593262921,0.05639662125800382
13,2,L DELTOID ANTERIOR,uni-articular,107.9999364706256,35,0,152.93818440535483,119.6783241361793,-21.74725716700152,-0.6243697478991598,6.110755059127426e-05,-0.1934592012902558,0.4832270423451701,0.06813577708340109,123.91666666666667,103.5,-16.476126429051785,-0.24210159103312762,0.16114786499296785,-0.07912262149859944,0.11870360200599167,0.068588506004141
13,3,R DELTOID POSTERIOR,uni-articular,835.4112732874862,264,0,110.67033247024217,98.79096428183733,-10.734013283640445,-0.24266251002745726,6.78232311972985e-05,-0.003677011075409882,0.08747377875232205,0.030504012117951677,100.83333333333333,89.83333333333333,-10.90909090909091,0.22432126527542556,0.0002383805113485519,0.003927924307371731,0.03812920370800797,0.05466753465382367
13,4,L DELTOID POSTERIOR,uni-articular,238.23515397932118,76,0,98.74934323541112,76.84671914575304,-22.180020010304112,-0.8029528366370472,2.68281180534777e-18,-0.07809793701905127,0.6609527854261914,0.08275706659540316,91.41666666666667,73.75,-19.325432999088427,-0.6009166038254677,9.515823168439927e-09,-0.06286509102870814,0.4207364626314046,0.09143131195963587
13,5,R BICEPS BRACHII,uni-articular,209.64693550180263,67,0,131.35272317695834,118.18173569789826,-10.02719027097453,-0.25213504669167536,0.039555654811364006,-0.038472494208952775,0.08397694885304384,0.061834563739051315,118.0,93.0,-21.1864406779661,-0.5460768661109212,1.7553361953916041e-06,-0.09141796422300262,0.2730109083586167,0.09677875248324813
13,6,L BICEPS BRACHII,uni-articular,311.2939345329797,99,0,108.75257153441852,100.72872843297074,-7.378072066009361,-0.5032900432900432,1.0992021097335582e-07,-0.02486557761177721,0.262963019657688,0.04299195251382229,88.58333333333333,84.41666666666667,-4.703668861712125,-0.324507301692313,0.0010493244963464777,-0.014474286440940015,0.11200063408232167,0.04688931374920294
13,7,R DELTOID MEDIUS,uni-articular,88.9411241522799,29,0,125.82592855348905,114.34391793169108,-9.12531364067536,-0.13497536945812805,0.4851167413080266,-0.05585263476686956,0.09948730578240059,0.037738226644687546,103.16666666666667,97.66666666666667,-5.3311793214862675,0.137030217014852,0.4784328890301123,0.02066458066502463,0.008652080904504861,0.05533533100688745
13,8,L DELTOID MEDIUS,uni-articular,95.29406159172848,31,0,141.7770913006118,135.6964117140224,-4.288901352685017,-0.3056451612903226,0.09450192924994572,-0.048376098883408644,0.08002092908575742,0.03553739924891037,120.0,116.0,-3.3333333333333335,-0.09681323901842383,0.6043871658706381,-0.02478533417338708,0.011401003801076011,0.05670731939656766
13,9,R DELTOID ANTERIOR C,complex,794.1171799310706,251,0,136.1509254746044,145.99465961433268,7.230016325937038,-0.23626560424966797,0.00015803276663463287,-0.005529716706657717,0.03623843821543165,0.04379629837996726,117.66666666666667,127.66666666666667,8.498583569405099,-0.27426271958335763,1.0419888225115982e-05,-0.009396609587364827,0.06579286197696473,0.06173651412860997
13,10,L DELTOID ANTERIOR C,complex,759.1760240141034,240,0,122.88550525614569,114.14174440021213,-7.11537201861834,0.28898157954131143,5.339621983850063e-06,0.004225864339969065,0.07384913461078306,0.028957712129564186,106.0,101.75,-4.009433962264151,0.4372518249755589,1.2557575394440593e-12,0.01046467190348357,0.17726324575347704,0.0532720942514298
13,11,R DELTOID POSTERIOR C,complex,1480.2344233915157,467,0,95.06519465033381,86.77573604172777,-8.71976188456364,-0.7410945914451994,1.7533061805292235e-82,-0.006665892857640128,0.5547690619107888,0.04304823959023874,83.16666666666667,68.91666666666667,-17.134268537074146,-0.7428445105364951,4.5654960486302865e-83,-0.01238266220462486,0.6274158715555881,0.09054493387850322
13,12,L DELTOID POSTERIOR C,complex,266.82337245683976,85,0,73.98490540237148,74.78418093451978,1.0803224357744203,0.3024037521985538,0.004909325251353123,0.009380906984647606,0.11498781703205142,0.028876922511425394,67.41666666666667,67.66666666666667,0.37082818294190356,0.1905276210921302,0.08070552001746745,0.007227455955638069,0.06303206910163807,0.03336515918856986
